<?xml version="1.0" encoding="UTF-8"?>
<project-private xmlns="http://www.netbeans.org/ns/project-private/1">
    <editor-bookmarks xmlns="http://www.netbeans.org/ns/editor-bookmarks/2" lastBookmarkId="0"/>
    <open-files xmlns="http://www.netbeans.org/ns/projectui-open-files/2">
        <group>
            <file>file:/D:/Informatik/Freifach/LA_226b_1053_Malerhelfer/src/ch/bbbaden/workertools/PaintStructure.java</file>
            <file>file:/D:/Informatik/Freifach/LA_226b_1053_Malerhelfer/src/ch/bbbaden/workertools/Cuboid.java</file>
            <file>file:/D:/Informatik/Freifach/LA_226b_1053_Malerhelfer/test/ch/bbbaden/workertools/PaintTest.java</file>
            <file>file:/D:/Informatik/Freifach/LA_226b_1053_Malerhelfer/src/ch/bbbaden/workertools/Paint.java</file>
            <file>file:/D:/Informatik/Freifach/LA_226b_1053_Malerhelfer/test/ch/bbbaden/workertools/ConoidTest.java</file>
            <file>file:/D:/Informatik/Freifach/LA_226b_1053_Malerhelfer/test/ch/bbbaden/workertools/SphereTest.java</file>
            <file>file:/D:/Informatik/Freifach/LA_226b_1053_Malerhelfer/test/ch/bbbaden/workertools/CuboidTest.java</file>
            <file>file:/D:/Informatik/Freifach/LA_226b_1053_Malerhelfer/src/ch/bbbaden/workertools/Conoid.java</file>
            <file>file:/D:/Informatik/Freifach/LA_226b_1053_Malerhelfer/src/ch/bbbaden/workertools/Starter.java</file>
            <file>file:/D:/Informatik/Freifach/LA_226b_1053_Malerhelfer/src/ch/bbbaden/workertools/Shape.java</file>
            <file>file:/D:/Informatik/Freifach/LA_226b_1053_Malerhelfer/test/ch/bbbaden/workertools/CubeTest.java</file>
            <file>file:/D:/Informatik/Freifach/LA_226b_1053_Malerhelfer/src/ch/bbbaden/workertools/Cube.java</file>
            <file>file:/D:/Informatik/Freifach/LA_226b_1053_Malerhelfer/src/ch/bbbaden/workertools/Sphere.java</file>
        </group>
    </open-files>
</project-private>
